Type,Name,Request Count,Failure Count,Median Response Time,Average Response Time,Min Response Time,Max Response Time,Average Content Size,Requests/s,Failures/s,50%,66%,75%,80%,90%,95%,98%,99%,99.9%,99.99%,100%
GET,/,768,1,14000.0,14540.958520442742,109.17760000302223,30713.327999998,2250.06640625,6.465607582211767,0.008418759872671572,14000,19000,21000,23000,26000,27000,30000,30000,31000,31000,31000
GET,/average-temperature,194,18,18000.0,17676.759035566945,18.86979999835603,34687.1891999981,27.216494845360824,1.633239415298285,0.1515376777080883,18000,23000,26000,27000,29000,31000,32000,34000,35000,35000,35000
GET,/current,320,37,14000.0,14915.424188437548,7.425299998431001,30604.3376000016,137.9625,2.694003159254903,0.3114941152888482,14000,21000,24000,25000,27000,30000,30000,30000,31000,31000,31000
GET,/history,201,0,19000.0,19875.557024378057,2764.3330999999307,33147.7184999967,14956.0,1.692170734406986,0.0,19000,26000,27000,27000,29000,30000,32000,32000,33000,33000,33000
GET,/temperature-trend,110,0,16000.0,17240.63129545453,4142.850199998065,31329.503799999657,997.0,0.926063585993873,0.0,16000,22000,25000,25000,28000,28000,29000,31000,31000,31000,31000
,Aggregated,1593,56,16000.0,15857.589165913372,7.425299998431001,34687.1891999981,3071.7545511613307,13.411084477165813,0.471450552869608,16000,20000,23000,25000,27000,29000,30000,31000,34000,35000,35000
