Type,Name,Request Count,Failure Count,Median Response Time,Average Response Time,Min Response Time,Max Response Time,Average Content Size,Requests/s,Failures/s,50%,66%,75%,80%,90%,95%,98%,99%,99.9%,99.99%,100%
GET,/,1368,0,7100.0,8893.006751608322,164.9037999959546,26458.423900003254,2253.0,4.569851059632621,0.0,7200,9900,12000,14000,20000,22000,24000,25000,26000,26000,26000
GET,/average-temperature,617,73,11000.0,11585.782576499343,5.754799996793736,30497.1577000033,26.450567260940034,2.0611097249951222,0.2438590112230858,11000,13000,16000,18000,23000,25000,27000,27000,30000,30000,30000
GET,/current,868,92,7900.0,9324.516854147505,2.113999995344784,26022.591400003876,139.79493087557603,2.8995838594744994,0.3073291648290944,7900,11000,13000,16000,21000,23000,24000,25000,26000,26000,26000
GET,/history,591,0,11000.0,12258.667228087836,639.9938000031398,29136.452899998403,14956.323181049069,1.9742558305869,0.0,11000,13000,16000,18000,23000,25000,26000,27000,29000,29000,29000
GET,/temperature-trend,292,2,9300.0,11307.97584280832,146.07249999971827,27078.19500000187,990.1712328767123,0.9754360448923431,0.0066810688006324875,9400,12000,16000,18000,22000,24000,26000,26000,27000,27000,27000
,Aggregated,3736,167,8700.0,10159.138916809485,2.113999995344784,30497.1577000033,3305.161402569593,12.480236519581487,0.5578692448528126,8800,11000,14000,16000,21000,24000,25000,26000,29000,30000,30000
