Type,Name,Request Count,Failure Count,Median Response Time,Average Response Time,Min Response Time,Max Response Time,Average Content Size,Requests/s,Failures/s,50%,66%,75%,80%,90%,95%,98%,99%,99.9%,99.99%,100%
GET,/,1241,0,1600.0,2340.791573086301,157.90199999901233,10604.173899999296,2253.0,4.144084395780114,0.0,1600,2700,3500,4000,6100,7200,8200,8700,10000,11000,11000
GET,/average-temperature,567,62,4400.0,4715.632522574942,2.715499998885207,12989.473699999508,26.719576719576718,1.8933890833258054,0.20703725426137554,4400,5800,6800,7700,9500,11000,12000,13000,13000,13000,13000
GET,/current,793,88,1500.0,2341.78271374537,1.6901999988476746,10665.20699999819,139.57755359394704,2.6480732682140453,0.2938593286290491,1500,3000,3800,4200,6000,7100,8300,8900,11000,11000,11000
GET,/history,569,0,3900.0,4425.128809314755,563.3168999993359,13621.17120000039,14957.0,1.900067704431011,0.0,3900,5400,6300,6900,8600,9600,11000,11000,14000,14000,14000
GET,/temperature-trend,269,0,3100.0,3749.308781041264,860.8499999972992,10173.953600002278,997.0,0.8982745386501616,0.0,3100,4300,5300,5800,7300,8100,9200,9800,10000,10000,10000
,Aggregated,3439,150,2500.0,3187.6074524862975,1.6901999988476746,13621.17120000039,3402.3070660075605,11.483888990401137,0.5008965828904247,2500,3900,4900,5600,7300,8700,9900,11000,13000,14000,14000
