Type,Name,Request Count,Failure Count,Median Response Time,Average Response Time,Min Response Time,Max Response Time,Average Content Size,Requests/s,Failures/s,50%,66%,75%,80%,90%,95%,98%,99%,99.9%,99.99%,100%
GET,/,3527,0,350.0,387.1752204139598,158.4413000018685,15415.029299998423,2253.0,11.787293272039822,0.0,350,360,370,380,420,520,970,1300,2200,15000,15000
GET,/average-temperature,1641,131,570.0,732.6158555758436,4.145999999309424,25641.712199998437,27.007312614259597,5.484249577379458,0.43780420148489274,570,680,780,880,1100,1400,1800,2200,25000,26000,26000
GET,/current,2196,302,360.0,358.8843557376695,1.2949000010848977,23864.225199999055,132.8214936247723,7.339068904281103,1.009289075178913,360,370,390,400,450,530,840,1100,2500,24000,24000
GET,/history,1661,1,680.0,787.8386381095171,351.6535999988264,2786.219899997377,15171.165562913908,5.551089913484022,0.003342016805228189,680,780,870,950,1200,1400,1800,2000,2700,2800,2800
GET,/temperature-trend,859,0,680.0,723.7331912689114,424.11080000238144,2242.5752999988617,997.0,2.870792435691014,0.0,680,740,800,830,940,1000,1400,1700,2200,2200,2200
,Aggregated,9884,434,390.0,534.8225875960974,1.2949000010848977,25641.712199998437,3474.1051193848643,33.03249410287542,1.450435293469034,390,550,630,680,870,1100,1500,1700,5400,26000,26000
