Type,Name,Request Count,Failure Count,Median Response Time,Average Response Time,Min Response Time,Max Response Time,Average Content Size,Requests/s,Failures/s,50%,66%,75%,80%,90%,95%,98%,99%,99.9%,99.99%,100%
GET,/,813,0,360.0,1014.2934168511213,161.8954000005033,9317.985300003784,2253.0,2.714518655641309,0.0,360,450,710,1300,2800,4200,6700,7200,9300,9300,9300
GET,/average-temperature,384,37,1600.0,2164.952131249778,10.213399997155648,12311.45860000106,27.109375,1.2821342727752307,0.12353897940803005,1600,2300,2800,3200,4400,6200,10000,11000,12000,12000,12000
GET,/current,441,38,390.0,852.3695589567828,10.712199997215066,10789.994400001888,143.4716553287982,1.472451078890304,0.1268778707433822,390,470,520,660,2100,3700,6200,7300,11000,11000,11000
GET,/history,346,2,1300.0,2102.0607210982266,64.38130000606179,10778.081700002076,14870.543352601157,1.1552564020318485,0.0066777826707043264,1300,2000,2400,2800,4300,7100,10000,10000,11000,11000,11000
GET,/temperature-trend,170,0,1500.0,1930.8711717645672,955.9020999950008,8320.467900004587,997.0,0.5676115270098677,0.0,1500,1700,1900,2100,2900,6200,7600,8300,8300,8300,8300
,Aggregated,2154,77,760.0,1433.3418061744603,10.213399997155648,12311.45860000106,3351.9350046425257,7.191971936348559,0.2570946328221166,760,1300,1700,2100,3400,5600,7300,9100,11000,12000,12000
