Type,Name,Request Count,Failure Count,Median Response Time,Average Response Time,Min Response Time,Max Response Time,Average Content Size,Requests/s,Failures/s,50%,66%,75%,80%,90%,95%,98%,99%,99.9%,99.99%,100%
GET,/,2135,0,950.0,2119.7059854800154,311.8462000056752,19775.1175999947,2253.0,3.566403557600679,0.0,950,2000,2600,3100,4600,6500,16000,18000,20000,20000,20000
GET,/average-temperature,1022,126,3400.0,3646.030605283687,1.9664999999804422,13896.437399998831,26.301369863013697,1.7071964570809808,0.2104762755305319,3400,4700,5400,6000,7300,8700,10000,11000,14000,14000,14000
GET,/current,1344,166,600.0,1407.7931177826306,4.968499997630715,10737.866400006169,136.73214285714286,2.2450802723256733,0.27729414077831976,600,1500,2100,2500,3700,4800,5900,6900,9700,11000,11000
GET,/history,973,0,3100.0,3421.7035037000182,561.2589000011212,12152.976199999102,14955.453237410073,1.6253445721524407,0.0,3100,4100,4700,5100,6300,7700,9400,10000,12000,12000,12000
GET,/temperature-trend,507,1,2300.0,2818.374474555924,105.55069999827538,9651.453599995875,995.0335305719921,0.8469164420157116,0.0016704466311946975,2300,3100,3700,4000,5200,6300,7400,8200,9700,9700,9700
,Aggregated,5981,293,1700.0,2491.577140210602,1.9664999999804422,19775.1175999947,3356.78665774954,9.990941301175486,0.48944086294004635,1700,2800,3600,4200,5600,7100,9800,14000,20000,20000,20000
