Type,Name,Request Count,Failure Count,Median Response Time,Average Response Time,Min Response Time,Max Response Time,Average Content Size,Requests/s,Failures/s,50%,66%,75%,80%,90%,95%,98%,99%,99.9%,99.99%,100%
GET,/,2149,0,420.0,780.8872317822292,154.66300000116462,4757.321600001887,2253.0,18.080563907203754,0.0,420,800,1100,1300,1800,2100,2600,2900,3600,4800,4800
GET,/average-temperature,912,61,1300.0,1693.6447856360137,3.2333999988622963,27108.100899997225,27.99342105263158,7.673091802405688,0.5132221490644155,1300,1900,2200,2400,3000,3500,4100,4400,27000,27000,27000
GET,/current,1154,191,400.0,775.1276417677582,0.7175999999162741,31659.91650000069,128.51126516464473,9.709153442956321,1.6069742700213667,400,550,830,1000,1500,2000,2700,3100,29000,32000,32000
GET,/history,893,0,1400.0,1559.2337581187337,404.6374999998079,4456.193499998335,15179.0,7.513235723188903,0.0,1400,1800,2100,2200,2900,3300,3600,3900,4500,4500,4500
GET,/temperature-trend,449,1,1000.0,1234.4401808463397,80.42619999832823,3431.622399999469,994.7795100222717,3.777651556228239,0.00841347785351501,1000,1300,1500,1700,2200,2500,3000,3100,3400,3400,3400
,Aggregated,5557,253,770.0,1091.2160142883017,0.7175999999162741,31659.91650000069,3422.1759942414974,46.7536964319829,2.1286098969392975,770,1200,1500,1700,2300,2800,3300,3600,26000,32000,32000
