Type,Name,Request Count,Failure Count,Median Response Time,Average Response Time,Min Response Time,Max Response Time,Average Content Size,Requests/s,Failures/s,50%,66%,75%,80%,90%,95%,98%,99%,99.9%,99.99%,100%
GET,/,891,0,340.0,362.4301595959907,153.76060000198777,2454.6311999984027,2253.0,2.9834146075362558,0.0,340,350,360,360,390,420,740,1400,2500,2500,2500
GET,/average-temperature,422,32,490.0,535.7914900473523,4.296499999327352,21691.3698999997,27.386255924170616,1.4130201620429852,0.10714844830657709,490,510,530,560,630,740,970,1500,22000,22000,22000
GET,/current,563,48,360.0,365.35956962696696,6.400300000677817,1836.5491999975347,146.89165186500887,1.8851430123938406,0.16072267245986563,360,380,390,400,440,600,950,1400,1800,1800,1800
GET,/history,406,0,610.0,660.9106337437418,386.40229999873554,2379.0375999997195,15180.35960591133,1.3594459378896968,0.0,610,650,680,700,830,1100,1600,1900,2400,2400,2400
GET,/temperature-trend,202,0,580.0,630.0681896038153,356.4143999974476,1771.1899999994785,997.0,0.6763745799352678,0.0,580,610,650,670,750,820,1600,1700,1800,1800,1800
,Aggregated,2484,80,380.0,463.0958978663139,4.296499999327352,21691.3698999997,3408.3333333333335,8.317398299798047,0.2678711207664427,380,480,540,580,660,770,1200,1600,2500,22000,22000
