Type,Name,Request Count,Failure Count,Median Response Time,Average Response Time,Min Response Time,Max Response Time,Average Content Size,Requests/s,Failures/s,50%,66%,75%,80%,90%,95%,98%,99%,99.9%,99.99%,100%
GET,/,1776,0,340.0,403.7779529842758,153.70379999876604,15385.02900000094,2253.0,5.932403614495319,0.0,340,350,360,360,390,440,750,1300,15000,15000,15000
GET,/average-temperature,859,67,490.0,531.5840671710656,5.9473999972397,15490.407099998265,26.738067520372525,2.86933260408304,0.22380126248377613,490,530,570,610,740,910,1100,1600,15000,15000,15000
GET,/current,1145,116,360.0,330.51782087335886,1.8353999985265546,1666.7355999998108,138.39825327510917,3.824663366327219,0.38747681265847805,360,370,380,390,410,460,550,720,1400,1700,1700
GET,/history,850,1,620.0,658.4115450587693,188.7851999999839,2712.028400001145,15163.14,2.839269747928503,0.003340317350504121,620,660,690,720,830,980,1400,1600,2700,2700,2700
GET,/temperature-trend,424,0,580.0,631.3677570754338,354.28180000235443,1838.6363999998139,997.0,1.4162945566137475,0.0,580,620,660,680,780,890,1200,1500,1800,1800,1800
,Aggregated,5054,184,380.0,470.8217264344982,1.8353999985265546,15490.407099998265,3461.448159873368,16.881963889447828,0.6146183924927583,380,490,560,590,670,790,1000,1400,15000,15000,15000
