Type,Name,Request Count,Failure Count,Median Response Time,Average Response Time,Min Response Time,Max Response Time,Average Content Size,Requests/s,Failures/s,50%,66%,75%,80%,90%,95%,98%,99%,99.9%,99.99%,100%
GET,/,2751,0,380.0,428.933164776448,155.43560000151047,15431.680700003199,2253.0,4.5964778320804,0.0,380,400,410,430,480,610,1200,1500,3000,15000,15000
GET,/average-temperature,1321,113,530.0,612.9272021195303,1.2997000012546778,28530.533500001184,27.433762301286905,2.2071781956300285,0.1888047964467776,530,580,620,650,750,1000,1500,1900,28000,29000,29000
GET,/current,1816,165,390.0,476.9579174559469,0.9021000005304813,34947.863499997766,140.00770925110132,3.034243454401311,0.27568841959042745,390,420,440,450,500,640,1400,1500,30000,35000,35000
GET,/history,1305,1,680.0,725.9157632950576,104.245999998966,3476.5151999999944,15166.64674329502,2.18044477312429,0.0016708389066086514,680,720,760,790,930,1100,1700,1800,3200,3500,3500
GET,/temperature-trend,667,2,620.0,688.8538988005959,109.48389999975916,15583.670700001676,994.0104947526237,1.1144495507079704,0.003341677813217303,620,670,700,720,820,920,1400,1700,16000,16000,16000
,Aggregated,7860,281,440.0,542.3171972010124,0.9021000005304813,34947.863499997766,3427.986768447837,13.132793805943999,0.46950573275703106,440,540,600,650,740,920,1400,1700,16000,35000,35000
